Index,User Id,First Name,Last Name,Sex,Email,Phone,Job Title,Salary
1,101,Shelby,Terrell,Male,elijah57@example.net,9803244242,Games developer,100000
2,102,Phillip,Summers,Female,bethany14@example.com,9808364778,Phytotherapist,200000
3,103,Kristine,Travis,Male,bthompson@example.com,9830238573,Homeopath,350000
4,104,Yesenia,Martinez,Male,kaitlinkaiser@example.com,9843028573,Market researcher,400000
5,105,Lori,Todd,Male,buchananmanuel@example.net,9732082954,Veterinary surgeon,230000
6,106,Erin,Day,Male,tconner@example.org,9807463847,Waste management officer,240000
7,107,Katherine,Buck,Female,conniecowan@example.com,9876056789,Intelligence analyst,200000
8,108,Ricardo,Hinton,Male,wyattbishop@example.com,7653456533,Hydrogeologist,23400
9,109,Dave,Farrell,Male,nmccann@example.net,9876890345,Lawyer,255555
10,110,Isaiah,Downs,Male,virginiaterrell@example.org,9086547543,"Engineer, site",332000
11,111,Sheila,Ross,Female,huangcathy@example.com,5397852134,Advertising account executive,220000
12,112,Stacy,Newton,Male,rayleroy@example.org,7543326534,Warden/ranger,4200000
13,113,Mandy,Blake,Male,jefferynoble@example.org,3734672477,"Scientist, clinical ",240000
14,114,Bridget,Nash,Female,mercedes44@example.com,2424552444,Social worker,757000
15,115,Crystal,Farmer,Male,pmiranda@example.org,2345455555,Agricultural consultant,560000
